{
  "editorDragMouseButton": -1.0,
  "editorLastVersion": "0.6.9a",
  "editorMenuMouseButton": 1.0,
  "editorRecentProjects": [
    "D:\\PrismLauncher\\instances\\QSMP Experience (UNOFFICIAL)\\minecraft\\player_models\\RichasV4QSMPbyO_VRzim.cpmproject",
    "E:\\Evil_Soul.cpmproject",
    "E:\\mermaid.cpmproject",
    "E:\\linux_tux.cpmproject",
    "E:\\homer.cpmproject",
    "E:\\Simon_Petrikov.cpmproject",
    "E:\\IHATEMYSELFNOTMINE.cpmproject",
    "E:\\Finn.cpmproject",
    "E:\\UnfinishedXiaoChun.cpmproject"
  ],
  "editorRotateMouseButton": 2.0,
  "editorSelectMouseButton": 0.0,
  "keybinds": {},
  "titleScreenButton": true,
  "blockedList": {},
  "serverSettings": {},
  "playerSettings": {},
  "globalSettings": {},
  "friendSettings": {},
  "friendList": {},
  "safetyProfiles": {},
  "selectedModel": "HitoriBocchiGoto.cpmmodel"
}