{
  "config_version": 4,
  "loadbuiltin": true,
  "quark": false,
  "dark": false,
  "oldChooseWheel": false,
  "perspective": true,
  "default3rdPersonFront": false,
  "showicon": true,
  "enableNSFW": false,
  "alwaysOpenScreen": false,
  "debug": true,
  "validate": false,
  "validationThreshold": 8.0,
  "emotesFolderOnLogicalServer": false,
  "emotesDirectory": "emotes",
  "autoFixEmoteStop": true,
  "alwaysValidateEmote": false,
  "playersafety": true,
  "stopthreshold": 0.04,
  "yratio": 0.75,
  "showHiddenConfig": false,
  "neverRemoveBadIcon": false,
  "exportBuiltin": false,
  "hideWarning": false,
  "fastmenu": {
    "0": {
      "1": "ff2bebdd-0000-0000-0000-000000000000",
      "2": "9a023e55-6a7b-4287-a060-937c90973d0e",
      "3": "01a53a42-2fd2-418c-8e46-e4ee1ff9ee6a",
      "4": "14ab7922-0000-0000-0000-000000000000",
      "5": "d0087583-0000-0000-0000-000000000000",
      "6": "92343680-0000-0000-0000-000000000000",
      "7": "7080c2b2-0000-0000-0000-000000000000"
    }
  },
  "keys": {}
}