{
  "selections": {
    "mode": "SIMPLE",
    "current": "D:\\PrismLauncher\\instances\\QSMP Experience (UNOFFICIAL)\\minecraft\\config\\litematica\\area_selections_per_world\\testando_modpack\\area_selections\\teste.json"
  },
  "placements": {},
  "schematic_projects_manager": {},
  "operation_mode": "AREA_SELECTION",
  "render_range": {
    "mode": "ALL",
    "axis": "Y",
    "layer_single": 0,
    "layer_above": 0,
    "layer_below": 0,
    "layer_range_min": 0,
    "layer_range_max": 0,
    "hotkey_range_min": false,
    "hotkey_range_max": false
  },
  "area_simple": {
    "name": "Unnamed",
    "current": "Unnamed",
    "boxes": [
      {
        "pos1": [
          -95,
          -54,
          65
        ],
        "pos2": [
          -86,
          -61,
          74
        ],
        "name": "Unnamed"
      }
    ]
  },
  "tool_mode_data": {
    "delete": {
      "use_placement": false
    }
  }
}